[{"id":1,"imagen":"🍎","nombre":"Manzana","importe":1.5,"stock":10},{"id":2,"imagen":"🍌","nombre":"Banana","importe":0.5,"stock":20},{"id":3,"imagen":"🍊","nombre":"Naranja","importe":0.8,"stock":15},{"id":4,"imagen":"🍇","nombre":"Uva","importe":2,"stock":8},{"id":5,"imagen":"🍓","nombre":"Fresa","importe":0.7,"stock":12},{"id":6,"imagen":"🍍","nombre":"Piña","importe":1.2,"stock":5},{"id":7,"imagen":"🥭","nombre":"Mango","importe":1.8,"stock":7},{"id":8,"imagen":"🍑","nombre":"Durazno","importe":1,"stock":9},{"id":9,"imagen":"🍉","nombre":"Sandía","importe":3.5,"stock":3},{"id":10,"imagen":"🍒","nombre":"Cereza","importe":0.9,"stock":14},{"id":11,"imagen":"🥝","nombre":"Kiwi","importe":1.3,"stock":6},{"id":12,"imagen":"🍅","nombre":"Tomate","importe":0.6,"stock":18},{"id":13,"imagen":"🥥","nombre":"Coco","importe":2.5,"stock":4},{"id":14,"imagen":"🍈","nombre":"Melón","importe":1.7,"stock":8},{"id":15,"imagen":"🍐","nombre":"Pera","importe":1.2,"stock":11},{"id":16,"imagen":"🍋","nombre":"Limón","importe":0.8,"stock":13},{"id":17,"imagen":"🍎","nombre":"Manzana 2","importe":1.5,"stock":10}]